{
  "val": {
    "acc": 0.9721362229102167,
    "p": 0.9727662444915013,
    "r": 0.9721362229102167,
    "f1": 0.9724511316579032
  },
  "test": {
    "acc": 0.9167205953729171,
    "p": 0.9169788556572607,
    "r": 0.9167205953729171,
    "f1": 0.916849707328255
  }
}