{
  "val": {
    "acc": 0.973188854489164,
    "p": 0.9734740625262278,
    "r": 0.973188854489164,
    "f1": 0.9733314376146014
  },
  "test": {
    "acc": 0.9223022164698269,
    "p": 0.923207954497651,
    "r": 0.9223022164698269,
    "f1": 0.9227548632250411
  }
}