{
  "val": {
    "acc": 0.9026864035087719,
    "tpr": 0.8916666666666667,
    "tnr": 0.9109195402298851,
    "f1": 0.9011902864126682
  },
  "test": {
    "acc": 0.895272901563717,
    "tpr": 0.8668363019508057,
    "tnr": 0.9064718162839248,
    "f1": 0.8862111090230481
  }
}