{
  "val": {
    "acc": 0.9196820175438597,
    "tpr": 0.9179487179487179,
    "tnr": 0.9209770114942529,
    "f1": 0.9194603712652106
  },
  "test": {
    "acc": 0.8958121143131029,
    "tpr": 0.878498727735369,
    "tnr": 0.9026304801670146,
    "f1": 0.8904011285916169
  }
}