{
  "val": {
    "acc": 0.9136513157894737,
    "tpr": 0.8967948717948718,
    "tnr": 0.9262452107279694,
    "f1": 0.9112821632049837
  },
  "test": {
    "acc": 0.8976094901443892,
    "tpr": 0.8572943172179813,
    "tnr": 0.9134864300626305,
    "f1": 0.8844988026339025
  }
}