{
  "val": {
    "f1": 0.943794956795041,
    "bin": {
      "acc": 0.9300986842105263,
      "tpr": 0.9121794871794872,
      "tnr": 0.9434865900383141,
      "f1": 0.9275689461890827
    },
    "ner": {
      "acc": 0.9603715170278638,
      "p": 0.9608261097410679,
      "r": 0.9603715170278638,
      "f1": 0.9605987596017285
    }
  },
  "test": {
    "f1": 0.896662575285382,
    "bin": {
      "acc": 0.9004253789467378,
      "tpr": 0.8350296861747244,
      "tnr": 0.9261795407098121,
      "f1": 0.8782459226476305
    },
    "ner": {
      "acc": 0.914758938683061,
      "p": 0.9169800729899263,
      "r": 0.914758938683061,
      "f1": 0.9158681591824186
    }
  }
}