{
  "val": {
    "f1": 0.9502075708148129,
    "bin": {
      "acc": 0.9314692982456141,
      "tpr": 0.9301282051282052,
      "tnr": 0.9324712643678161,
      "f1": 0.9312982610209184
    },
    "ner": {
      "acc": 0.9696594427244583,
      "p": 0.9701420243748451,
      "r": 0.9696594427244583,
      "f1": 0.9699006735215887
    }
  },
  "test": {
    "f1": 0.9089666512168842,
    "bin": {
      "acc": 0.9034809178599245,
      "tpr": 0.8831636980491943,
      "tnr": 0.911482254697286,
      "f1": 0.8970995505077083
    },
    "ner": {
      "acc": 0.9195922989807475,
      "p": 0.9227168480479091,
      "r": 0.9195922989807475,
      "f1": 0.9211519239028642
    }
  }
}