{
  "val": {
    "acc": 0.9658204334365325,
    "p": 0.9662642005146223,
    "r": 0.9658204334365325,
    "f1": 0.9660422660126908
  },
  "test": {
    "acc": 0.9287938844847112,
    "p": 0.9327762517483675,
    "r": 0.9287938844847112,
    "f1": 0.9307808084733721
  }
}