{
  "val": {
    "f1": 0.9528240387264257,
    "bin": {
      "acc": 0.9333881578947368,
      "tpr": 0.9320512820512821,
      "tnr": 0.9343869731800766,
      "f1": 0.9332176661547834
    },
    "ner": {
      "acc": 0.9732507739938081,
      "p": 0.9732930840821618,
      "r": 0.9732507739938081,
      "f1": 0.9732719285781587
    }
  },
  "test": {
    "f1": 0.9006922348221116,
    "bin": {
      "acc": 0.9010245042238332,
      "tpr": 0.8708651399491094,
      "tnr": 0.912901878914405,
      "f1": 0.8913881848170095
    },
    "ner": {
      "acc": 0.9091368710564633,
      "p": 0.9112507023354232,
      "r": 0.9091368710564633,
      "f1": 0.9101925594071116
    }
  }
}