{
  "val": {
    "acc": 0.9429102167182662,
    "p": 0.9442110188625298,
    "r": 0.9429102167182662,
    "f1": 0.9435601694656729
  },
  "test": {
    "acc": 0.8816332308687914,
    "p": 0.8849704556396215,
    "r": 0.8816332308687914,
    "f1": 0.8832986911411276
  }
}