{
  "val": {
    "acc": 0.918859649122807,
    "tpr": 0.8987179487179487,
    "tnr": 0.9339080459770115,
    "f1": 0.9159751370997571
  },
  "test": {
    "acc": 0.9092325205200408,
    "tpr": 0.8755301102629347,
    "tnr": 0.9225052192066806,
    "f1": 0.8984040336164115
  }
}