{
  "val": {
    "f1": 0.9270834195240842,
    "bin": {
      "acc": 0.9303728070175439,
      "tpr": 0.9128205128205128,
      "tnr": 0.9434865900383141,
      "f1": 0.9279002505907538
    },
    "ner": {
      "acc": 0.9256965944272446,
      "p": 0.9268401621074123,
      "r": 0.9256965944272446,
      "f1": 0.92626802530617
    }
  },
  "test": {
    "f1": 0.8852599247291426,
    "bin": {
      "acc": 0.9088131328260739,
      "tpr": 0.8659881255301103,
      "tnr": 0.925678496868476,
      "f1": 0.8948390022173739
    },
    "ner": {
      "acc": 0.8758898236531305,
      "p": 0.8758776952878475,
      "r": 0.8758898236531305,
      "f1": 0.8758837594285037
    }
  }
}